site_id,x,y,obs_sum,spp_rich,bio01,bio02,bio03,bio04,bio05,bio06,bio07,bio08,bio09,bio10,bio11,bio12,bio13,bio14,bio15,bio16,bio17,bio18,bio19
1027,29.25,-22.25004238,41,31,21.76504898,14.50038528,55.1126709,429.5519104,32.6332283,6.301969528,26.33126068,26.17159843,15.90851402,26.17159843,15.90851402,358.0913086,74.35044098,0.951177776,86.96381378,196.2506714,5.684945583,196.2506714,5.684945583
1029,30.25,-22.25004238,7,7,22.82128906,13.86792183,57.97962952,359.4297791,32.71884537,8.789621353,23.92922592,26.46796417,17.84358215,26.46796417,17.84358215,451.0583496,94.38743591,1.522813082,90.06018829,258.6352539,9.458976746,258.6352539,9.458976746
1031,31.25,-22.25004238,107,76,24.18964577,14.24468994,61.28219986,326.2648926,34.17299652,10.92865276,23.24434471,27.46820068,19.69841576,27.46820068,19.69841576,466.8660278,97.61977386,2.300864935,93.68595886,281.0761414,10.19171524,281.0761414,10.19171524
117,18.25,-34.25000615,4246,231,20.17335129,11.76091862,56.80194664,317.3907928,29.77722168,9.290056229,20.4871664,19.93545008,19.75605106,23.66569042,16.04646111,583.2365112,103.9181824,11.58901107,76.80641174,298.6850433,38.8801899,174.6829491,162.8795338
118,18.75,-34.25000615,2202,215,16.15705681,9.277147293,52.32169342,308.5166931,25.38144684,7.651459694,17.7299881,12.40269947,19.81368637,19.86318016,12.39450645,699.6069946,110.2165909,20.87715721,59.92686462,316.2939453,67.56866455,68.28975677,315.5673523
119,19.25,-34.25000615,989,173,15.75423336,10.23419666,53.46909714,321.4163208,25.82470322,6.672277451,19.15242577,11.79102707,19.59721565,19.59988022,11.79102707,700.6950684,100.7865753,25.53050995,49.72744751,292.8681946,80.10588837,80.36043549,292.8681946
120,19.75,-34.25000615,418,128,16.40768433,11.02426529,52.79448318,360.1939087,27.3845253,6.493579865,20.89094543,11.93574142,20.55254364,20.66843605,11.93574142,535.9109497,70.83034515,24.54958725,38.29587936,201.7107391,77.90991974,78.38343811,201.7107391
121,20.25,-34.25000615,211,91,17.60583115,11.39186764,52.56677628,379.3044739,28.85098839,7.168391705,21.68259621,12.96109295,21.51264381,22.12374306,12.91619968,426.4571228,51.46863937,21.62052536,29.41481209,143.9268951,72.68560028,73.70391083,143.9177856
122,20.75,-34.25000615,146,81,17.60453033,11.53007126,53.20102692,372.9503479,28.60968399,6.935838223,21.67384529,14.79948616,21.91094971,22.05615044,13.02142525,413.0714722,47.35583115,22.32752419,21.77268982,124.0848236,78.58932495,79.56757355,122.9544525
123,21.25,-34.25000615,325,159,17.25355911,11.6653595,54.87555695,349.9952698,27.88544464,6.611918926,21.27352524,16.49920464,21.26448822,21.4412632,12.96804237,435.6700745,48.78150558,25.63994408,18.62198639,122.1668701,89.00769043,89.73181915,115.6018829
124,21.75,-34.25000615,149,83,17.2345047,11.27508736,57.92907333,299.2118835,26.95375443,7.466687679,19.48706818,16.2978096,19.93675804,20.89512062,13.66646004,438.116394,47.85341263,29.79335594,15.61507988,120.5573578,95.28580475,96.34777832,109.9324493
125,22.25,-34.25000615,944,259,17.22235298,11.26934195,57.36468925,306.9407288,27.11070595,7.425529337,19.6851778,15.94751968,20.09858761,20.96204243,13.54421186,456.7662415,53.404739,28.4984642,20.48118114,137.7058945,91.43562775,92.4458107,128.0880997
126,22.75,-34.25000615,384,117,17.21020126,11.26359653,56.80030518,314.669574,27.26765747,7.384370995,19.88328743,15.59722977,20.26041718,21.02896423,13.42196369,475.4160889,58.95606537,27.20357246,25.34728241,154.8544312,87.58545074,88.54384308,146.24375
127,23.25,-34.25000615,808,185,17.19804955,11.25785112,56.2359211,322.3984192,27.42460899,7.343212652,20.08139706,15.24693985,20.42224674,21.09588604,13.29971552,494.0659363,64.50739174,25.90868073,30.21338367,172.0029678,83.73527374,84.64187546,164.3994003
128,23.75,-34.25000615,50,33,17.18589783,11.25210571,55.67153702,330.1272644,27.58156052,7.30205431,20.27950668,14.89664993,20.58407631,21.16280785,13.17746735,512.7157837,70.05871811,24.61378899,35.07948494,189.1515045,79.88509674,80.73990784,182.5550507
129,24.25,-34.25000615,18,15,17.17374611,11.2463603,55.10715294,337.8561096,27.73851204,7.260895967,20.47761631,14.54636002,20.74590588,21.22972965,13.05521917,531.3656311,75.61004448,23.31889725,39.9455862,206.3000412,76.03491974,76.83794022,200.710701
130,24.75,-34.25000615,76,48,17.16159439,11.24061489,54.54276886,345.5849548,27.89546356,7.219737625,20.67572594,14.1960701,20.90773544,21.29665146,12.932971,550.0154785,81.16137085,22.02400551,44.81168747,223.4485779,72.18474274,72.9359726,218.8663513
131,25.25,-34.25000615,44,27,17.14944267,11.23486948,53.97838478,353.3138,28.05241508,7.178579283,20.87383556,13.84578018,21.06956501,21.36357327,12.81072283,568.6653259,86.71269722,20.72911377,49.67778873,240.5971146,68.33456573,69.03400497,237.0220016
132,25.75,-34.25000615,123,70,17.13729095,11.22912407,53.4140007,361.0426453,28.20936661,7.13742094,21.07194519,13.49549026,21.23139458,21.43049507,12.68847466,587.3151733,92.26402359,19.43422203,54.54389,257.7456512,64.48438873,65.13203735,255.177652
154,18.25,-33.75000898,2893,186,17.12513924,11.22337866,52.84961662,368.7714905,28.36631813,7.096262598,21.27005482,13.14520035,21.39322414,21.49741688,12.56622648,605.9650208,97.81534996,18.13933029,59.40999126,274.8941879,60.63421173,61.23006973,273.3333023
155,18.75,-33.75000898,1875,160,17.11298752,11.21763325,52.28523254,376.5003357,28.52326965,7.055104256,21.46816444,12.79491043,21.55505371,21.56433868,12.44397831,624.6148682,103.3666763,16.84443855,64.27609253,292.0427246,56.78403473,57.32810211,291.4889526
156,19.25,-33.75000898,346,124,15.53298759,11.37393856,51.54578018,390.1364136,27.19651222,5.124736786,22.07177544,10.69899464,20.14576721,20.1642189,10.69455528,651.7356567,99.57930756,21.59155846,55.10516357,286.0759888,70.4543457,71.0388031,286.0732117
157,19.75,-33.75000898,142,73,16.0673542,12.32824135,52.32464218,417.9669189,28.32045746,4.763064861,23.55739212,10.83528042,20.52634621,20.97701836,10.83528042,459.7957458,65.20469666,18.84514236,44.41147232,186.6174622,61.14411545,62.63792419,186.6174622
158,20.25,-33.75000898,669,197,16.48936081,12.88123798,52.4281044,437.6515808,29.15962219,4.598327637,24.56129456,11.49610806,20.33501816,21.6536808,11.04538536,339.7287903,41.73485565,17.46092033,29.66722107,116.9067383,57.57091141,60.09912109,116.730751
159,20.75,-33.75000898,175,86,17.00920105,13.24873638,53.12778091,434.6563416,29.69029045,4.74930954,24.94098091,15.48147869,21.11496544,22.15317154,11.6287775,324.9888306,35.89221191,18.86270332,18.48883247,95.04424286,64.97511292,68.59786224,91.5815506
160,21.25,-33.75000898,66,46,17.09295845,13.20112896,54.17538452,407.2128296,29.33306313,4.953741074,24.37932205,18.76889038,19.57048798,21.93531799,12.03864479,351.2730713,40.67996216,21.88287735,18.6531868,99.67061615,74.15677643,79.63790131,84.85168457
161,21.75,-33.75000898,117,63,16.75823021,12.83951187,55.86542511,364.7521362,28.35225868,5.336164951,23.0160923,19.09195328,15.34516621,21.15210533,12.2679987,344.9584045,38.46179199,23.06353378,16.63967705,98.19425201,74.74888611,85.22891235,78.31098175
162,22.25,-33.75000898,2859,335,16.33699036,12.59751511,56.23680878,354.003479,27.66104507,5.175589561,22.48545456,18.25245667,12.54170704,20.60179138,11.98461819,399.346344,43.3276825,25.7895546,15.39349651,116.1867218,84.53869629,99.18887329,86.5881958
163,22.75,-33.75000898,1134,227,15.44860363,11.67895508,55.21127319,341.6855164,26.12957764,4.926849365,21.20272827,17.16060829,11.96256256,19.58390999,11.24567413,499.5071106,55.55757904,29.90621376,17.52835846,149.5711975,100.2196503,128.3670959,104.2498169
164,23.25,-33.75000898,272,125,15.11802864,11.2505722,53.96753693,350.3812866,25.6075573,4.73260498,20.87495232,17.10912323,11.53563786,19.33557892,10.79497623,563.2191772,62.69150543,33.04221344,18.82133293,170.2362213,109.7723312,149.4218597,117.2899933
165,23.75,-33.75000898,281,113,15.13162613,10.91281033,52.97305298,354.0403137,25.37214088,4.75601244,20.61612892,17.24237251,11.37491608,19.3865242,10.74557495,599.0631714,66.90362549,34.60676193,19.78189087,181.02211,114.2337723,161.8979797,124.6890564
166,24.25,-33.75000898,12,11,16.26134491,10.97597504,53.34113693,344.7398987,26.34249878,5.75320816,20.58929062,17.86201859,12.73777485,20.39845657,11.96400547,602.5025635,67.6999588,36.4600029,18.56072426,178.7998047,118.6200943,153.8282776,131.5415039
167,24.75,-33.75000898,74,50,17.00309944,11.17115116,54.48689651,331.9720154,26.84382248,6.313405037,20.53041649,17.73444939,14.1759243,20.990839,12.85776424,570.46521,65.33676147,35.70017624,18.40756035,168.9339905,114.9300995,139.1259308,129.0705566
168,25.25,-33.75000898,226,100,17.38999939,11.48723221,55.51212311,326.071228,27.089674,6.395328522,20.69434547,18.64131355,14.18807507,21.31917191,13.31497478,503.7314148,55.29319763,30.03366661,18.73812866,150.1212158,97.52228546,130.453125,107.4063873
169,25.75,-33.75000898,717,155,18.05110741,11.17365074,56.5935173,302.2901001,27.33142853,7.604070187,19.72735977,19.20778465,14.96834373,21.72439194,14.29403019,496.0247192,53.01363754,30.47132492,18.06525993,148.1040344,96.83572388,126.8718948,106.9003525
170,26.25,-33.75000898,77,59,17.91826057,10.11348629,58.44047928,252.2167816,26.35918045,9.075939178,17.28324127,18.47316742,15.68693161,21.06100845,14.86783695,615.2787476,68.31404877,37.57953262,20.02584457,190.5375824,116.6569824,159.9373322,130.0909424
171,26.75,-33.75000898,902,356,17.70729446,10.2516799,57.97717667,266.9747124,26.5521059,8.863673925,17.68843222,17.33304596,16.94149399,20.97460556,14.44519401,555.8309555,67.52516174,30.29897285,31.98660755,188.6936455,94.94391251,127.4884782,142.3641243
172,27.25,-33.75000898,35,29,17.49632835,10.3898735,57.51387405,281.7326431,26.74503136,8.651408672,18.09362316,16.1929245,18.19605637,20.88820267,14.02255106,496.3831635,66.73627472,23.01841307,43.94737053,186.8497086,73.23084259,95.03962421,154.6373062
190,17.75,-33.25001169,29,13,17.28536224,10.52806711,57.05057144,296.4905739,26.93795681,8.439143419,18.49881411,15.05280304,19.45061874,20.80179977,13.59990811,436.9353714,65.9473877,15.73785329,55.90813351,185.0057716,51.51777267,62.59077024,166.9104881
191,18.25,-33.25001169,394,73,17.07439613,10.66626072,56.58726883,311.2485046,27.13088226,8.226878166,18.90400505,13.91268158,20.70518112,20.71539688,13.17726517,377.4875793,65.15850067,8.45729351,67.86889648,183.1618347,29.80470276,30.14191628,179.18367
192,18.75,-33.25001169,856,118,17.97149086,12.33269119,53.04402542,411.4992065,30.4924221,7.227791786,23.26462936,13.60647964,22.76271248,22.77430534,12.84381771,457.4832153,77.63463593,11.53312302,64.70401001,216.0766907,40.97661209,41.25779343,214.4628448
193,19.25,-33.25001169,84,43,15.45096684,12.41762638,51.63284302,428.1417236,28.2650547,4.226422787,24.03863144,10.19302082,20.29281044,20.52082443,10.15667439,442.6813354,70.63443756,15.14064312,54.98741531,196.7915344,50.41041565,51.96683502,196.7825317
194,19.75,-33.25001169,37,26,15.17323112,13.70209122,52.57796478,462.7328491,28.91129112,2.863102913,26.04818726,9.479065895,18.12241173,20.62530518,9.39739418,296.3837585,44.71423721,12.05697823,46.15907288,121.1103134,40.53611755,45.63739014,121.1103134
195,20.25,-33.25001169,17,16,15.91928482,14.39027405,52.63612747,487.1473694,30.12469101,2.792248487,27.33244324,11.61179543,16.70096016,21.66104507,9.843438148,230.3723297,29.61862373,10.37456417,34.17248154,81.38803101,35.61496735,43.71049881,80.67037201
196,20.75,-33.25001169,19,15,16.46197319,14.58133316,52.52334976,490.1454773,30.59311104,2.838186502,27.75492477,18.06954002,16.29897308,22.24872589,10.36896992,223.2158356,25.73879433,12.46276283,22.53625679,70.85121918,41.66486359,52.05448532,61.17215347
197,21.25,-33.25001169,26,22,16.20250893,14.41479015,52.80616379,463.7579346,29.84190941,2.538383245,27.30352592,19.94359207,12.63620758,21.68540001,10.40149784,251.2657776,29.09691429,15.36795712,19.78251076,78.83655548,51.5429039,64.74396515,55.09800339
198,21.75,-33.25001169,43,28,16.55006599,14.58930779,53.8964653,436.7368469,30.1289196,3.041265965,27.08765411,19.9946804,12.08945274,21.71081924,11.04665279,241.2422638,29.07748032,14.47254372,22.96123314,78.79212189,46.91872787,66.99810028,47.90316772
199,22.25,-33.25001169,329,139,15.4720211,14.32120228,54.60046768,422.4740601,28.88519096,2.650877953,26.23431206,18.70791817,10.45782375,20.50305557,10.18260288,282.9165039,34.86422348,15.94941807,24.53660011,93.26554871,52.10940552,79.9309845,52.26107025
200,22.75,-33.25001169,20,14,15.54438114,14.24806404,53.8378334,434.355835,29.12749672,2.675762177,26.45173454,18.85976791,10.09851456,20.70454407,10.05724907,330.5971069,40.38816071,16.85283279,25.46901703,109.1195831,58.94093323,95.09042358,58.96239853
205,25.25,-33.25001169,32,21,17.89773178,13.75756931,54.47379684,416.9324341,29.97623825,4.689376354,25.28686142,21.39810371,12.86101341,22.77979851,12.55398941,364.2376709,46.61812973,17.11301231,28.07172394,120.7726898,60.96657944,104.3311234,61.90740585
206,25.75,-33.25001169,330,125,17.31446075,13.14761257,58.04215622,345.0532532,28.41695976,5.757303238,22.65965652,20.11554146,13.54300499,21.47107887,12.99580574,459.8495178,53.11723328,21.72317123,28.78302574,147.8040161,71.99997711,138.5046082,77.14125061
207,26.25,-33.25001169,121,62,17.30755043,12.493186,59.7378273,304.8986816,27.72439766,6.813583851,20.91081429,18.50615501,14.10135269,21.05918121,13.56022072,575.791626,66.64342499,26.9220295,31.30558205,191.9901428,85.64446259,176.5369415,95.21282196
208,26.75,-33.25001169,326,137,18.07969666,11.21663189,58.97601318,278.9688416,27.3805294,8.37120533,19.00932503,19.06231499,15.21361256,21.54605293,14.66468048,629.5794067,72.96170807,29.83965874,30.3937645,206.5944672,95.65081024,191.855011,103.2654724
209,27.25,-33.25001169,20,18,18.29977036,9.925246239,56.6444931,264.3370361,26.48981094,8.980513573,17.50929642,18.92376137,15.44800282,21.54867744,15.01660061,673.9886475,78.0185318,30.98085785,29.20176315,215.7382965,103.3141098,204.1398315,106.91008
210,27.75,-33.25001169,46,41,18.0500946,10.57314777,56.91392008,288.5904134,27.18153191,8.616727511,18.56480344,17.29189364,17.44664764,21.51668485,14.44781462,552.5676778,70.18458684,22.82187653,41.9162267,194.0401357,76.79572614,144.1104107,120.3139445
227,17.75,-32.75001426,174,96,17.80041885,11.22104931,57.18334707,312.8437907,27.87325287,8.252941449,19.62031047,15.66002591,19.44529247,21.48469226,13.87902864,431.1467082,62.35064189,14.6628952,54.63069026,172.3419749,50.27734248,84.08098984,133.717809
228,18.25,-32.75001426,126,55,17.5507431,11.86895084,57.45277405,337.097168,28.56497383,7.889155388,20.67581749,14.02815819,21.4439373,21.45269966,13.31024265,309.7257385,54.51669693,6.503913879,67.34515381,150.6438141,23.75895882,24.05156898,147.1216736
229,18.75,-32.75001426,23,20,17.81920433,13.24013233,54.53088379,416.8390198,30.82004738,6.531750679,24.28829575,13.12906933,22.65151215,22.6752491,12.62323284,349.2129517,59.99780273,8.662706375,62.6288681,163.1052399,30.9868145,31.97628212,162.4545746
230,19.25,-32.75001426,93,44,15.28056431,13.14490604,52.23015976,445.2706604,28.69926262,3.542993546,25.15626907,9.828350067,20.17856216,20.55920219,9.770764351,326.4581299,52.69176102,11.63817692,52.03197479,141.5579071,39.80216217,42.75815201,141.5436249
233,20.75,-32.75001426,9,7,14.43154335,15.58064365,53.4202919,505.3884888,29.38977623,0.222940654,29.16683578,16.81830788,13.31680107,20.4329071,8.143818855,217.719574,26.81989479,11.59609032,24.36435699,70.78157806,39.39478683,51.30834579,57.60241699
235,21.75,-32.75001426,6,5,17.50102615,16.3965683,52.64395142,500.6793823,32.89685059,1.744361758,31.15249062,21.17819023,13.98439121,23.36257362,11.08770466,165.8371277,26.2652092,7.98429966,38.71550369,64.79187775,25.38828468,50.5111351,27.01034164
237,22.75,-32.75001426,13,5,16.71077728,15.70147705,54.55361938,469.3640137,31.45846176,2.676849365,28.7816124,20.56099892,10.78103352,22.33228111,10.78103352,255.6888123,36.17193222,10.57498646,36.63775635,94.34503174,37.71995926,80.79730225,37.71995926
239,23.75,-32.75001426,9,6,16.97039986,15.16389275,53.84663773,471.087616,31.13674927,2.981327057,28.15542221,21.36470604,11.01325226,22.55343819,10.9760704,296.0910645,42.30361557,11.3362999,39.43502045,112.7444763,44.5991478,98.85249329,44.60135269
240,24.25,-32.75001426,7,6,17.68518639,15.49207211,54.95083237,456.9992981,31.80097771,3.612265587,28.18871117,22.81203842,12.15002823,23.10297775,11.86338615,318.6677856,44.98080444,11.77023315,38.74268341,118.8264313,48.04358673,105.7566071,48.06387711
243,25.75,-32.75001426,16,13,16.36834526,14.61737537,58.34801102,381.2089233,28.72585678,3.665162086,25.06069374,20.74822617,12.01031017,20.87959099,11.53700829,465.8830872,60.76545715,17.00430107,41.53121185,167.228241,58.5839653,162.3239746,62.48402023
244,26.25,-32.75001426,14,11,16.57992744,14.18934059,60.19854736,345.7819214,28.28322029,4.708029747,23.57518959,20.32801056,12.70376492,20.73545074,12.25693703,540.0452881,70.28541565,19.36653709,42.67058182,194.2856445,64.77811432,192.8876343,69.7699585
245,26.75,-32.75001426,190,100,16.7658062,13.04340935,60.17146301,317.4562073,27.40312958,5.729478359,21.67365074,20.31071091,13.19896793,20.64042664,12.81341743,605.5019531,78.39576721,20.14626312,43.74079514,219.4648132,69.45793152,218.8981934,73.68162537
246,27.25,-32.75001426,15,13,16.78977203,11.54691124,59.84805298,282.4135132,25.99303627,6.703573704,19.28946304,19.30981064,13.68052197,20.24375534,13.25094509,694.3081055,90.44026184,19.52989578,46.01596069,253.9172821,71.79415131,250.2781525,79.15386963
247,27.75,-32.75001426,680,342,17.78548431,10.22550488,59.18489456,251.1789551,25.7591114,8.501834869,17.25727654,18.86294174,15.23753452,20.89208603,14.68169117,802.2338257,106.4394913,22.7860527,44.37480545,291.5694275,82.05131531,269.1264343,99.95568848
248,28.25,-32.75001426,312,167,18.51787567,9.184668541,58.12716675,229.9171753,25.66180992,9.873358727,15.78845119,19.08382225,16.29630661,21.38669205,15.72850037,897.7652588,116.203804,27.25,41.02925873,321.2407227,98.03388977,287.1280518,121.293457
249,28.75,-32.75001426,6,6,18.22843361,11.37699223,58.76588821,290.5521088,27.87191582,8.559828997,19.31208658,16.63552284,19.13974857,21.69915104,14.6461153,577.2067566,81.0368309,16.09605002,54.40573883,223.0478249,58.21297073,153.4016447,122.6559334
265,18.25,-32.25001671,21,11,17.93899155,13.56931591,59.40460968,351.1870422,30.08202171,7.246299267,22.83572197,14.18722343,21.98319054,22.01161003,13.56373024,256.6482544,45.86985779,4.942100048,67.78221893,124.8549271,18.3920517,19.67523766,124.0184097
266,18.75,-32.25001671,61,28,17.88697433,14.29706287,56.2173233,419.6942139,31.47961235,6.041605473,25.43800545,12.82208157,22.7528553,22.77827835,12.67715073,277.9024048,48.38109589,6.422738075,63.33340454,130.9104919,23.10137558,24.7446537,130.8610077
267,19.25,-32.25001671,193,77,16.94236565,14.12802315,53.1243782,464.1932983,30.97533989,4.410395622,26.56494522,11.20283604,22.17066383,22.40077591,11.17202663,263.0765991,44.62759781,7.841738224,56.61014175,118.1470261,28.11567879,30.5714798,118.1456909
268,19.75,-32.25001671,13,10,18.89296341,16.44089317,54.51250458,518.0076904,34.54094696,4.396845818,30.1441021,12.89105797,23.18333817,24.94878006,12.36114025,188.3646851,31.92782784,5.870363712,53.51359177,82.57550049,21.17655182,22.76502037,82.40989685
269,20.25,-32.25001671,30,18,15.57262421,15.74187565,53.63749313,512.6544189,30.7798214,1.438259959,29.34156227,12.85950279,16.16742134,21.66577339,9.197086334,207.6477051,26.7221241,10.60230541,31.6726799,70.24897766,34.50169754,40.23942566,67.88298035
271,21.25,-32.25001671,9,8,13.76046944,15.87802601,52.70362473,519.9386597,28.94865036,-1.180304289,30.12895393,17.60996437,8.890359879,19.94883156,7.202134132,222.9582825,34.59440994,11.33611393,34.72097015,83.67905426,36.91537094,65.34420776,40.46814346
273,22.25,-32.25001671,49,33,15.93345356,15.575387,53.1975174,490.6699829,30.6862278,1.407253027,29.27897453,20.69389915,9.749804497,21.82843018,9.732168198,224.5486145,37.36912918,8.924873352,45.66535568,90.86043549,29.17186165,74.75552368,29.18497467
274,22.75,-32.25001671,89,67,16.0159893,15.46509743,54.03182983,477.1070862,30.52799797,1.905577421,28.62242126,20.77263832,10.00592995,21.77726746,10.00592995,254.8493195,39.14200211,9.51401329,45.13316727,101.2654037,32.03855896,86.58856964,32.03855896
275,23.25,-32.25001671,5,5,16.3909626,15.70420933,54.00061798,487.1222229,31.13021088,2.047219515,29.08299255,19.91624641,10.2945776,22.23641396,10.23298168,258.0414429,39.31064224,9.81198597,45.45352173,104.077446,33.44237518,88.83586884,33.48718643
277,24.25,-32.25001671,17,17,16.22559929,15.35001278,55.27121735,453.9304199,30.20234299,2.422735691,27.77960777,21.33400154,10.91200161,21.65502548,10.45303917,331.7669373,49.58206558,11.67083168,44.84526443,132.3182678,45.5720253,117.632515,45.96567917
278,24.75,-32.25001671,57,33,15.81275654,15.28635883,55.9595871,439.4863892,29.56799316,2.247556686,27.32043648,20.82512283,10.85750008,21.06869698,10.22948837,371.4055176,54.79710388,12.69221401,46.16033936,149.3086243,49.03540039,136.4548492,49.93218994
279,25.25,-32.25001671,44,32,14.37186241,15.14784908,55.61371994,435.9346619,27.81236839,0.568210423,27.24415779,19.27533722,9.204992294,19.46710205,8.755074501,438.2141724,64.42536926,15.06715679,48.5789299,177.4360962,52.79302597,165.5742493,53.94959641
280,25.75,-32.25001671,32,23,15.51105022,15.17569637,55.89818573,429.2958984,28.82995415,1.664998889,27.16495514,20.30389214,10.3690176,20.48084641,9.964442253,461.1069336,67.39560699,15.35144711,48.95507431,183.2391968,52.57075119,173.9680176,54.66794205
281,26.25,-32.25001671,5,5,14.10163784,14.45607281,56.9148674,393.6970215,26.54853821,1.121703148,25.42683601,18.56280518,9.293887138,18.65266991,8.991202354,555.9719849,83.26930237,17.10222054,51.38793945,224.4027252,58.66644669,216.7341156,59.49440002
282,26.75,-32.25001671,14,14,14.73716164,14.03733349,57.99824524,369.6218262,26.47013092,2.24324584,24.22688484,18.9507122,9.978386879,19.0389843,9.928740501,603.0195923,90.47367096,15.79083252,54.2410965,247.8680878,56.53677368,240.7819672,56.66316986
284,27.75,-32.25001671,6,6,17.15249443,11.794981,59.78890991,287.7307434,26.33361244,6.597763062,19.73584938,20.15341377,13.8881712,20.57164574,13.43849659,703.9034424,94.97402191,15.17489529,53.03289413,273.801239,60.0844841,271.372345,66.05244446
286,28.75,-32.25001671,112,64,18.42155075,9.510766983,58.31032181,228.9985657,25.61520576,9.328255653,16.28695107,20.6904068,15.99911785,21.23114586,15.56863213,940.2279053,117.553627,27.71347618,42.64608002,330.1732178,104.6373062,326.8399963,111.3012848
287,29.25,-32.25001671,4,4,18.34687233,12.19749832,60.19771576,287.0057526,28.39768791,8.262875795,20.13481236,17.38917398,19.10461187,21.7805109,14.74725723,574.7442169,77.16126633,15.72287822,55.30545425,216.3194122,59.35946321,171.2986722,106.8409843
302,18.25,-31.75001904,20,12,18.27219391,14.88422966,62.08510971,345.0129395,31.18017006,7.197495937,23.98267365,14.08794117,22.2101059,22.32987595,13.92588234,209.2605286,36.76890564,3.732280254,67.96482849,102.4656067,14.08162022,15.75734806,102.3806839
303,18.75,-31.75001904,40,27,18.53221893,15.22336388,58.35803223,411.3407898,32.49068832,6.398790836,26.09189606,13.39540195,23.26347351,23.34758949,13.37809372,230.0517578,39.91408539,4.441011429,65.12142181,110.4237518,16.78849983,19.47912025,110.4237518
304,19.25,-31.75001904,34,20,17.67292595,15.28768063,55.37778091,465.0708618,32.28342819,4.681733131,27.60169601,11.90328312,23.02435303,23.12718391,11.87836552,239.3856049,40.01809311,5.879975796,57.18179321,108.3359146,22.08581543,25.2641983,108.3359146
307,20.75,-31.75001904,1,1,15.32091141,16.50658607,52.79724121,548.2929688,31.15487671,-0.110386781,31.26526451,19.28105354,12.94090271,21.8547554,8.449930191,194.0762939,29.38006592,10.00097752,31.5849247,71.19931793,34.30959702,50.46973038,43.3556633
312,23.25,-31.75001904,5,5,14.95697498,16.13448715,52.02235794,533.0531616,30.34427261,-0.682663202,31.02693558,19.50034904,8.583381653,21.24103165,8.104798317,278.1503601,45.7956543,9.705653191,51.46609497,117.9365234,32.62928391,98.61180878,32.95708847
314,24.25,-31.75001904,8,5,13.14361382,15.68998337,51.91901779,529.3812256,27.97481346,-2.277381897,30.25219536,18.84100151,6.561956882,19.26163864,6.134679317,377.6060486,61.72462845,13.30636215,51.16011047,162.0372925,45.76086426,138.253418,46.06967545
315,24.75,-31.75001904,56,39,13.71633339,15.51778412,53.42743683,493.7274475,28.03638268,-1.025255322,29.06163788,19.13364029,7.430792332,19.46294212,7.241026402,405.7404785,65.16441345,13.43952847,52.88611984,175.4047089,46.43716431,154.5182343,46.59622192
319,26.75,-31.75001904,6,6,14.85104656,14.89714813,55.1503067,433.2443237,27.7054863,0.671203911,27.03428268,19.51667786,9.233794212,19.75270844,9.064387321,559.2543945,92.55279541,14.72440147,56.56006622,241.033493,52.16165924,230.5133209,52.18869019
323,28.75,-31.75001904,13,11,17.36021996,11.62008572,58.57495499,284.1524048,25.97753143,6.129165173,19.84836578,20.64037132,13.76219368,20.67498207,13.62317562,797.3141479,108.565094,17.36376381,55.10398483,315.5258789,65.40084076,315.0544128,65.9032135
324,29.25,-31.75001904,28,20,18.5988884,9.796191216,58.19029999,236.2786102,25.82077408,8.996581078,16.82419205,21.47358131,15.67184258,21.47619438,15.63621902,981.8093262,126.056839,25.80095863,45.69659042,356.3470154,100.532814,356.2961121,100.5805817
325,29.75,-31.75001904,61,51,18.36328125,12.57311058,59.79277611,299.9549789,28.65248966,7.727299452,20.92518997,17.51904011,18.98739338,21.9453373,14.59907961,583.8242645,78.31503487,14.61510718,54.77364922,222.3003998,56.86339569,185.758059,94.41718292
339,18.25,-31.25002124,15,10,18.1276741,15.35002995,61.39525223,363.6313477,31.48420525,6.458017826,25.0261879,13.5644989,22.30294418,22.41448021,13.56194019,185.8392029,30.57323074,3.429255724,63.85070801,88.25378418,13.19397736,15.22000599,88.25378418
340,18.75,-31.25002124,14,5,18.70740509,16.18368149,59.29499435,420.8191833,33.22626114,5.933249474,27.29301262,13.42389584,23.5655632,23.64437294,13.42335224,196.2601318,32.41579437,3.456020355,62.71802521,92.57637024,13.90171432,17.50597572,92.57637024
341,19.25,-31.25002124,76,36,17.65010262,15.86760426,56.60915375,462.0007935,32.49292374,4.464073181,28.02885056,12.01126575,23.01683044,23.07894516,11.87666512,225.8601837,34.44525909,6.132227421,50.29288483,96.14279175,22.43050385,27.41638756,96.10287476
351,24.25,-31.25002124,3,2,13.82262993,16.45135307,48.55715561,623.7196045,29.79844856,-4.110301971,33.90874863,20.20049667,5.487504959,20.7530899,5.239179134,344.0987244,61.11874008,10.60972977,56.73823929,155.7676392,35.83711624,126.8973541,35.99543381
353,25.25,-31.25002124,12,9,14.80717468,16.0182209,51.9823494,533.5985107,29.87531662,-0.963625848,30.83894348,20.47840691,7.785491943,20.93130112,7.76053524,421.0028992,69.0147934,12.19078827,56.01665878,187.2629089,41.74771881,163.5191498,41.74771881
355,26.25,-31.25002124,4,4,13.61097527,15.68089581,52.05303574,514.6590576,27.99953842,-2.131553173,30.13109207,18.94372368,6.870866776,19.41822243,6.77447319,529.9693604,89.33345795,15.87524891,55.13748932,235.4938354,56.08936691,211.902298,56.08936691
357,27.25,-31.25002124,17,13,13.48268223,15.02956486,52.57807541,475.5332642,26.65239334,-1.959559321,28.61195183,18.40282822,7.284990788,18.58145905,6.891034603,617.1286011,104.1282272,14.88626766,57.53040695,265.8640442,53.31665039,258.6495056,53.49520493
358,27.75,-31.25002124,14,13,13.71886158,14.45804787,55.02984619,415.303894,25.70360184,-0.595127463,26.29873085,18.20004272,8.264130592,18.22986603,8.00750351,677.8759766,107.6158218,14.41900063,60.16874695,294.2992554,51.48682022,293.2158203,51.79210281
359,28.25,-31.25002124,8,7,15.04974174,13.66438484,55.13531494,390.1655273,25.76366234,0.960228026,24.80343437,19.22465324,9.718496323,19.27802086,9.66321373,734.4430542,113.5184097,13.04310322,64.6346283,329.3994141,47.9903717,327.918457,48.06826019
360,28.75,-31.25002124,1,1,16.47461128,12.87193489,56.82003403,341.786377,26.19131851,3.520880222,22.67043686,20.25151443,11.86771107,20.28261757,11.8658638,771.2476196,115.2007217,14.38882923,63.38066483,336.8050232,50.93159485,335.800354,50.93159485
362,29.75,-31.25002124,63,52,18.53704834,9.765332222,57.45830917,241.9488983,25.79477119,8.809749603,16.98502159,21.42213821,15.54331398,21.46500778,15.49373055,1014.127747,129.6007385,26.92586708,47.29397202,375.0217896,102.5087357,374.7019653,102.5597687
363,30.25,-31.25002124,218,133,18.30071576,11.5829134,58.29957708,288.8477681,27.63524755,7.854380131,19.78086789,18.66789786,17.77850914,21.764932,14.67887719,737.3740794,95.67129517,19.48252646,49.58411153,276.7676239,73.82843463,256.5465571,95.12467957
374,17.25,-30.75002333,6,5,18.06438319,13.40049458,59.14084498,335.746638,29.4757239,6.899010658,22.5767142,15.91365751,20.0137043,22.06485621,13.86402384,460.6204122,61.74185181,12.03918584,51.87425105,178.5134583,45.1481336,138.3911489,87.68959045
376,18.25,-30.75002333,17,7,17.82805061,15.21807575,59.98211288,382.6455078,31.31620026,5.943641186,25.3725605,13.15941715,22.24889946,22.36478043,13.04917049,183.866745,27.81240845,4.595845222,54.16439056,80.2592926,16.46783257,20.23574066,80.25450134
377,18.75,-30.75002333,5,4,17.54940033,15.93736744,58.13820267,436.3831482,32.06055069,4.646651268,27.41389847,12.39508438,22.62643814,22.69070816,12.09322453,196.4683228,27.50814438,5.758965492,46.01729202,79.54472351,20.83169746,26.7959938,79.30605316
378,19.25,-30.75002333,2,2,17.48532867,16.37726593,57.02956009,470.8987122,32.56708908,3.84945178,28.71763802,12.66220188,22.70175552,23.01548004,11.5865078,193.3330841,25.26036453,7.193618298,36.43059921,71.61270905,25.55053139,28.73571205,70.31187439
383,21.75,-30.75002333,1,1,16.98044205,16.57078171,51.37428665,579.5054932,32.82993698,0.577400684,32.25253677,23.09374428,11.05040741,23.81668472,9.600464821,209.3922272,39.7270546,6.113194942,59.29322433,96.60488892,20.39025307,77.03047943,21.35270691
384,22.25,-30.75002333,41,35,16.54182053,16.54033661,51.0032692,577.6710205,32.36842346,-0.05997777,32.42840195,22.11071968,10.05778885,23.31890678,9.121705055,228.0033112,43.68703461,5.862422466,61.71530533,106.7847824,21.32518005,85.11916351,21.88233757
385,22.75,-30.75002333,3,3,16.07297707,16.63329887,50.29700851,585.7645264,32.04216385,-1.027863979,33.07003021,21.47716331,8.668809891,22.8921299,8.459593773,247.3475494,46.64162064,5.870332718,62.42393112,116.576889,23.42751884,93.8217392,23.54378128
386,23.25,-30.75002333,11,10,16.34950066,16.52219963,50.19951248,586.9524536,32.24052048,-0.671591997,32.91211319,20.65218925,8.818562508,23.16434479,8.684017181,263.01651,50.04291916,6.581701279,62.65030289,124.916153,25.3091507,98.12071228,25.38091278
388,24.25,-30.75002333,21,18,15.21121788,16.36421585,48.43947983,625.7819214,31.18310547,-2.631004572,33.8141098,21.59307098,6.67711544,22.21789551,6.662115574,331.7713318,60.08224869,9.087385178,59.76032639,154.8544006,32.3006134,124.1261597,32.3006134
389,24.75,-30.75002333,8,7,14.99664879,16.45867157,47.10605621,653.416687,31.20628738,-3.743443012,34.94972992,21.51965523,5.881567001,22.10375214,5.866265297,353.1079407,62.93608475,9.493044853,59.42836761,164.5587769,32.75747681,134.6015167,32.75747681
390,25.25,-30.75002333,9,8,15.2200222,16.2187767,48.30189896,614.7397461,31.10981941,-2.502884865,33.61270523,21.40560532,6.81926918,22.03526497,6.81926918,400.6925049,68.77805328,10.82547283,58.46387482,184.6502533,38.04201508,155.2423248,38.04201508
393,26.75,-30.75002333,3,3,14.89136124,16.03408813,51.70103073,530.4550171,29.51924706,-1.490866542,31.01011467,20.35980606,8.214437485,20.87158203,7.837110519,565.1300659,97.25746155,13.89086342,56.50269699,248.7694855,52.22728729,228.5027313,52.7963562
395,27.75,-30.75002333,53,35,12.25825119,14.11038685,51.61872864,459.8977356,24.91222382,-2.426505089,27.33872795,17.20798683,6.404833317,17.29303741,6.032831192,704.7147217,109.2185211,15.53791809,57.58067322,297.8154907,56.93166351,297.0987549,58.57366943
396,28.25,-30.75002333,35,25,13.33422184,13.45952702,53.09674072,416.1308594,24.8534584,-0.499009371,25.35246658,17.96887398,8.017855644,17.97864723,7.752950191,747.9996338,114.7771988,15.1852417,61.92535019,328.6646118,53.21981049,328.6159668,55.02640915
398,29.25,-30.75002333,10,10,15.45020676,12.81697178,56.71873856,343.5270996,25.32374763,2.721678734,22.60206985,19.30585289,10.89442348,19.30905724,10.89276409,817.8735352,129.0532837,15.95254898,64.61786652,364.7322998,53.28852081,364.4772949,53.29091263
399,29.75,-30.75002333,21,17,16.77455902,11.45305157,57.25076294,295.7598267,25.30131721,5.292575836,20.00874138,19.72971725,12.92460442,20.1955204,12.91047573,917.2129517,130.1098328,19.83854103,57.91896057,377.0125732,70.61624146,371.0421143,70.65839386
400,30.25,-30.75002333,631,203,19.69453239,9.017809868,55.71465683,241.2028503,26.58399391,10.41647625,16.16751862,22.3259449,17.08673668,22.66381073,16.69413567,1003.745239,127.9138107,26.39435005,47.2333107,369.5524597,104.6006699,366.4893494,108.2386246
401,30.75,-30.75002333,274,81,18.47667408,11.5238657,60.32215691,258.4494629,27.58322239,8.690634966,18.89258766,18.36125612,18.71716022,21.58201504,15.25045109,563.1015358,74.32069683,14.30742717,54.25225639,213.6888027,56.57371759,188.6189947,83.00575066
411,17.25,-30.25002529,10,8,17.25881577,14.02992153,64.92965698,275.6960754,28.58245087,6.964793682,21.61765671,14.39656734,20.34758377,20.50021935,13.80676651,122.4578323,20.72758293,2.220504284,61.27120209,57.82514572,8.546765327,10.74864006,57.77287674
412,17.75,-30.25002529,75,29,17.85997963,14.33280563,61.35528183,341.6919861,30.26705742,6.901943207,23.36511421,14.00921631,21.50475693,21.92192459,13.55840874,160.0109406,24.67285538,4.123017788,53.73644638,69.63912201,14.58339691,19.08734322,69.57576752
413,18.25,-30.25002529,9,9,16.87550545,14.05895615,56.53576279,410.724762,29.87137222,4.997830391,24.87354279,12.43083,21.17632103,21.74666023,11.71292686,200.7041931,26.33989906,7.375501156,37.00873184,74.57433319,26.47871017,34.91667557,74.02710724
427,25.25,-30.25002529,7,7,15.83646297,16.07189178,49.12277985,593.9819946,31.37724495,-1.344018936,32.72126389,21.77891541,7.854413986,22.52501869,7.854413986,412.4743652,71.14222717,10.34654903,59.80381012,191.2210846,36.5939064,164.2244568,36.5939064
428,25.75,-30.25002529,6,5,15.18252277,16.4689579,50.77057648,563.9805298,30.52371979,-1.914779186,32.43849945,20.83915138,7.727283001,21.55757713,7.727283001,436.1500854,75.40057373,10.02438164,61.23662567,205.5318756,36.56986237,178.7403107,36.56986237
429,26.25,-30.25002529,4,4,15.1838522,16.56277275,51.88375092,543.3163452,30.17125893,-1.752684355,31.92394447,20.6632309,8.152121544,21.32996368,8.038127899,487.6054993,86.56977844,10.22574902,60.16983414,225.0161743,40.32401657,203.9890289,40.58382416
431,27.25,-30.25002529,18,13,14.70846558,15.08214855,50.98194885,510.9193115,28.18783569,-1.386349082,29.57418442,19.81405449,8.123717308,20.34531021,7.88929081,659.7824707,106.5832443,11.92944241,58.93604279,286.8935547,48.86382294,274.3893738,52.10942459
433,28.25,-30.25002529,10,7,12.87618256,13.40627193,52.25456238,428.4216614,24.82656097,-0.839758873,25.6663208,17.6292057,7.396309376,17.73114586,7.225983143,705.9046021,105.8339081,14.33230114,59.84235764,299.2887878,49.94534302,298.3797913,55.7128067
434,28.75,-30.25002529,7,6,14.24676895,13.32809353,54.17752838,389.776001,25.4400692,0.835570037,24.60449791,18.67775154,9.245718956,18.67775154,9.111236572,709.8692017,122.2844467,11.51483631,68.75463104,332.4269409,39.33901596,332.4269409,42.96219254
435,29.25,-30.25002529,15,11,13.77190781,13.66108036,56.1537323,375.3890381,24.35117912,0.02325521,24.32792282,17.95242691,8.804235458,17.95242691,8.767548561,848.0061646,156.6199646,11.24238491,73.6178894,415.7595825,41.4312973,415.7595825,41.78167343
436,29.75,-30.25002529,3,3,15.72315216,12.78008938,57.09646225,338.6208496,25.17532349,2.788994551,22.38632965,19.38077545,11.29320049,19.52721024,11.20840073,898.4855347,145.9715118,14.46932125,66.95249939,406.9476013,54.40909958,405.1250916,54.8963089
437,30.25,-30.25002529,39,30,18.11916733,10.70419407,56.02536392,287.5256958,26.0659771,6.975933075,19.09004402,21.25821304,14.64092541,21.46621513,14.36638832,906.5799561,128.2875671,20.5771637,57.13322449,369.2301025,76.67534637,363.2857056,78.29737854
438,30.75,-30.25002529,6557,502,19.95656586,9.231933594,53.28640366,267.2868958,27.1313858,9.820785522,17.31060028,23.09323502,16.94721603,23.13084984,16.5163784,987.991394,126.4665833,22.80450821,46.38988495,370.8297729,106.2372131,368.569519,108.6952286
448,17.25,-29.75002714,12,11,18.37203979,14.58893681,63.6869278,311.8001709,30.25184822,7.324110031,22.92773819,15.25605297,21.09828377,22.02485085,14.39469337,96.10877991,14.72668648,2.368767023,49.53522491,41.44278717,8.795550346,13.0532732,40.64428329
449,17.75,-29.75002714,84,48,18.33320999,13.94410992,58.36009598,387.1815491,30.83896446,6.928917408,23.91004753,14.93075371,21.36054039,22.9223175,13.39358902,137.6673584,19.40843773,4.696103573,41.97103119,53.55526733,16.03317833,26.4553051,52.39952469
450,18.25,-29.75002714,13,9,17.85052299,15.01310253,56.04137421,454.6626587,31.676651,4.886877537,26.78977394,16.26229858,21.220047,23.15301514,12.05198479,162.9299927,21.07818222,6.944350719,32.14530563,57.04406738,24.42087555,37.44892502,52.3502388
463,24.75,-29.75002714,7,7,17.9056797,16.00369835,50.8144989,565.6433105,33.05213547,1.562415242,31.48971939,23.64369965,10.6017189,24.46173477,10.54732037,387.4177856,70.41522217,8.623262405,63.69251633,183.8211212,30.25745583,161.9244232,30.2614193
465,25.75,-29.75002714,3,3,15.73457336,16.74726486,50.76726913,569.7512207,30.94312286,-2.044434547,32.98755646,21.36320114,8.180102348,22.08635712,8.180102348,446.5903625,76.66695404,9.081939697,62.5795784,210.1382599,32.73547363,186.5948792,32.73547363
472,29.25,-29.75002714,137,68,11.25115299,12.72354126,54.01105118,378.1859436,21.52054787,-2.009627104,23.53017616,15.43068123,6.383081436,15.43068123,6.142463207,904.1931152,159.4128723,11.60215473,72.50436401,437.1942444,43.04379272,437.1942444,46.77769852
473,29.75,-29.75002714,135,88,14.8374157,13.20897675,56.48304749,359.4436951,24.56775093,1.171196461,23.39655495,18.77604675,10.28341293,18.7760582,9.908727646,940.095459,161.9109192,11.75573063,73.36859131,455.2548523,44.75889206,455.2501831,48.80281067
474,30.25,-29.75002714,557,241,16.80631256,12.33074951,56.48275375,328.2435303,25.71817017,3.89302516,21.82514572,20.460886,12.70974541,20.46511269,12.42181206,875.4440308,137.004303,13.6830864,65.98233795,392.8174438,52.49044037,390.0593262,56.13953781
475,30.75,-29.75002714,7678,853,18.90066719,10.85508728,54.49074173,304.8135376,27.07170105,7.174786091,19.89691353,22.35245323,15.06769085,22.37246895,14.88281727,928.5532837,131.9644318,18.25741768,53.84708023,375.5861816,83.25260925,369.3473816,84.15686798
476,31.25,-29.75002714,916,246,18.82463741,13.71190834,54.56306839,419.7156372,30.49214172,5.383243203,25.10889816,23.40488338,13.82976627,23.66429234,13.40855455,544.0053558,80.03655434,11.12599254,54.18915558,223.037529,50.30142212,211.8355713,50.9918108
489,19.25,-29.25002888,1,1,18.74860764,16.5687294,54.63539505,534.6177368,33.9125824,3.591700315,30.3208828,24.45731354,12.5918417,24.95611572,11.93429184,159.457428,28.10867691,3.994567394,54.53123093,70.48887634,17.35023499,54.32376099,17.82675362
498,23.75,-29.25002888,21,13,18.44677925,17.10843849,50.84714508,580.3046265,34.45676041,0.810337126,33.64642334,24.37666512,10.89849758,25.12805176,10.89406872,344.0693665,68.7951889,5.058695793,73.39809418,175.9096527,20.73417473,155.0137939,20.73638153
499,24.25,-29.25002888,55,23,18.1831398,16.77313042,51.02474213,572.6087036,33.75891495,0.886858821,32.87205505,23.99047089,10.71948433,24.76490784,10.71948433,385.3709412,74.16638184,6.035500526,70.50125885,191.5782013,22.97153091,172.1999664,22.97153091
500,24.75,-29.25002888,25,16,18.04484177,16.44536781,51.28524017,562.6477051,33.20593262,1.139821649,32.06611252,23.6932373,10.71139431,24.49876785,10.71139431,415.063324,74.96894836,7.088166237,67.51478577,200.795639,25.08790588,181.2710266,25.08790588
503,26.25,-29.25002888,124,73,15.72536564,16.97556114,51.89835739,559.6604004,30.4446907,-2.267193556,32.71188354,21.20193863,8.314094543,21.9385891,8.280170441,528.1491089,92.18084717,8.727672577,65.05256653,246.8734741,32.89245605,228.4074097,32.92948532
505,27.25,-29.25002888,12,10,14.84233189,15.79289627,52.46465683,516.0529175,28.22583199,-1.872602701,30.09843445,20.0489006,7.988777637,20.53096771,7.968045235,684.0991211,109.6532745,10.66211319,64.59929657,306.9163208,40.27412415,299.7677307,40.35745621
509,29.25,-29.25002888,197,119,9.907569885,11.87044144,53.2798233,367.4464111,19.92146873,-2.371311426,22.29277992,14.03368568,5.205250263,14.03368568,5.025174618,882.8652344,143.848114,11.27701664,69.40776062,406.684967,41.93534851,406.684967,46.77111816
510,29.75,-29.25002888,190,93,14.56552219,13.120574,56.33378983,358.8957214,24.29459953,1.003582597,23.29101753,18.4780941,9.940200806,18.4780941,9.664208412,916.5654297,154.4085541,9.992570877,73.60862732,445.4899902,42.66314316,445.4899902,44.10577393
511,30.25,-29.25002888,327,182,15.90662575,12.99742031,56.86161041,348.4103088,25.37663078,2.51479888,22.86183167,19.71133804,11.37269974,19.71418381,11.22408962,853.5488281,136.8544312,10.35300446,68.57979584,394.3653259,45.8359375,394.3282776,47.29955292
512,30.75,-29.25002888,58,46,17.38490677,12.23335361,56.74907684,325.6034851,26.33115005,4.774786949,21.55636406,20.90664864,13.10126781,20.9638176,13.06253052,898.6390381,134.2690125,15.09557629,60.20685196,382.3084717,63.31705856,380.1271362,63.88186264
513,31.25,-29.25002888,581,264,19.82602692,10.90298271,57.13779449,281.8449707,27.93858337,8.858052254,19.08053207,22.99928093,16.18763351,23.04544067,16.16668892,997.0546875,133.7925873,24.79761314,48.9486618,386.2659302,98.23666382,381.0044861,98.27391815
514,31.75,-29.25002888,49,39,19.24851227,12.53275156,60.95385361,287.6327972,28.77581978,8.293322325,20.48249817,21.4759407,17.97294331,22.5708828,15.54790831,527.8050861,71.06739521,13.63579738,40.51716423,203.9860077,53.40408087,198.7407532,57.19318008
521,16.75,-28.75003051,1,1,18.67099762,14.16252041,64.76991272,293.4206238,29.61305618,7.728592396,21.88446426,19.95260048,19.7582531,22.09632492,14.92912769,58.55548477,8.34220314,2.473981619,32.08566666,21.70608521,8.571497917,16.47702026,16.11244202
522,17.25,-28.75003051,7,3,19.85364342,14.06417656,58.7913475,387.5306091,32.0606575,8.117300987,23.94335747,23.39702415,17.57822418,24.31981277,14.85950279,74.47868347,14.84421825,2.487314701,52.030056,34.98802948,8.900060654,32.37807846,13.20838451
528,20.25,-28.75003051,20,13,19.85342216,17.21025276,53.5662117,561.289856,35.54738235,3.420336962,32.12704468,25.86707687,12.67456532,26.390131,12.67456532,182.3767548,33.16732407,2.605167627,73.34362793,94.42619324,9.058010101,82.08887482,9.058010101
529,20.75,-28.75003051,4,4,20.24182129,17.1193676,52.98061752,565.6199341,35.87261581,3.559987545,32.31262589,26.2457695,12.98263264,26.83864403,12.98263264,177.8358002,33.82843018,3.18169117,73.42266083,94.5555191,10.24226761,79.63179016,10.24226761
534,23.25,-28.75003051,11,10,17.03961372,17.12467194,52.2914505,559.4848633,32.45096588,-0.295972735,32.7469368,22.68274689,9.784223557,23.4283886,9.784223557,351.803772,69.71790314,4.168656826,77.33847046,189.9738007,20.62978935,163.889267,20.62978935
535,23.75,-28.75003051,1,1,17.63510132,17.25115204,52.10139847,559.017395,33.22800827,0.116867758,33.1111412,23.23198318,10.31960773,23.98012161,10.31960773,388.1531982,76.09442139,4.068526268,77.18453979,205.9857178,19.00950432,183.598999,19.00950432
537,24.75,-28.75003051,114,67,18.17027664,16.61655617,52.22499466,547.6495972,33.00479126,1.187084556,31.81770515,23.61778641,10.99534798,24.37319183,10.99534798,442.4393311,78.80710602,5.583904743,71.40348816,219.0458984,20.04124451,201.7754059,20.04124451
542,27.25,-28.75003051,42,33,15.37325954,16.37485695,53.01780701,524.2537842,28.83452415,-2.050617218,30.88514137,20.77295113,8.362189293,21.0437088,8.359723091,646.3338623,102.9165497,9.179548264,65.1258316,283.8631592,34.92698669,282.7409973,34.92698669
544,28.25,-28.75003051,16,13,13.35851574,14.42473888,53.62668991,453.1200867,25.04057693,-1.840118766,26.88069725,17.8608017,7.416907787,18.28892326,7.294867039,772.5427856,122.7826462,10.89270592,64.4382019,331.4567261,44.62844849,329.47229,45.82149506
545,28.75,-28.75003051,204,93,10.01080608,12.37903976,53.52641296,387.2187195,20.22591782,-2.872582912,23.09850121,13.92012501,5.033586502,14.32302952,4.856561661,896.8700562,139.2909698,11.93658447,65.43060303,388.7583313,48.73629761,386.1326599,51.58145523
546,29.25,-28.75003051,98,64,15.2574501,13.31774902,55.79529572,377.3748474,25.3699913,1.502379298,23.86761093,19.32780647,10.32481861,19.35212517,10.1621151,920.3789063,156.4343719,9.994795799,72.49914551,436.2127991,42.88156891,436.1039429,45.00273895
547,29.75,-28.75003051,57,51,17.56299019,14.10649872,55.23923111,403.1889954,28.14102936,2.599930525,25.54109955,21.89551735,12.26368713,21.89551735,12.1177969,792.2838745,138.4347382,8.11866188,73.12139893,383.8498535,34.71395874,383.8498535,38.96801376
548,30.25,-28.75003051,243,140,17.73360825,13.62272739,55.80413437,382.7251892,27.97537994,3.554412365,24.42096901,21.81500053,12.65600681,21.85015297,12.59618092,748.4271851,126.3742981,8.596089363,70.10882568,352.9871216,36.60419846,352.9660645,40.07346344
549,30.75,-28.75003051,9,9,17.63854599,12.54604053,57.32315063,332.3429871,26.9681263,5.069357872,21.89876747,20.87623787,13.27138519,21.25900841,13.20351887,812.4807739,129.0860596,12.80939579,64.67745972,361.9505615,49.03673935,360.9451599,50.99037933
550,31.25,-28.75003051,184,91,18.77134323,11.41675663,59.45556641,274.8036194,27.15307999,7.941214085,19.21186638,21.38150597,15.31382847,21.89832878,15.17221165,944.9093628,136.2825165,21.83742714,56.44510651,388.2517395,76.26763916,374.314209,77.88130951
551,31.75,-28.75003051,1738,500,20.70771217,10.8151083,58.24713898,269.8566284,28.93734932,10.37279701,18.56455231,23.74475098,17.23739052,23.81315994,17.23103142,1064.67334,138.9796753,36.98760986,42.95170212,399.6948242,121.6195755,385.2257996,121.634285
552,32.25,-28.75003051,1010,274,20.04676723,12.22222185,60.46626663,292.5532837,29.5808897,9.426018715,20.15487099,22.90436745,18.18820763,23.41750526,16.29206038,557.0296268,73.69260836,19.44317019,41.00382996,210.2581263,64.13510108,201.3174248,66.53734684
558,16.75,-28.25003202,17,10,19.3858223,13.6293354,62.68539429,315.249939,30.22443008,8.479240417,21.74518967,22.06398392,19.13902473,23.02185059,15.35308933,49.38591385,8.40554142,1.898730516,39.05595779,20.8214283,6.650626659,17.40904999,11.44040871
559,17.25,-28.25003202,40,26,20.78621292,13.67849064,58.02132797,393.3528442,32.58037949,8.995557785,23.58482361,24.3919239,17.99470329,25.24836922,15.69788551,59.56017303,13.18204784,1.802499533,60.34127808,31.11268997,6.19430685,26.89227104,8.909261703
567,21.25,-28.25003202,7,7,20.18469048,17.35668182,52.97730637,577.3380127,35.62679291,2.867974043,32.75881577,26.17806816,12.65298557,26.78336716,12.65298557,220.3225555,42.16609955,3.048570633,77.759552,120.6829987,10.24836254,103.5705185,10.24836254
569,22.25,-28.25003202,2,2,19.09062195,17.3653183,52.73710632,576.8359985,34.38584518,1.45984602,32.92599869,24.89840508,11.61542606,25.60611534,11.54481316,290.0736084,55.34867096,3.974327803,77.42643738,157.7232361,15.14607239,133.4078674,15.18225479
570,22.75,-28.25003202,17,12,18.0818882,16.85667038,52.23033524,570.0238037,32.96277237,0.694173217,32.26860046,23.65857124,10.61717987,24.45037651,10.61717987,331.5581055,64.31545258,4.008816719,78.80503082,181.6637115,16.99856377,153.8294678,16.99856377
571,23.25,-28.25003202,35,27,16.90382004,16.88661385,52.60988617,558.9615479,31.65711594,-0.440890551,32.0980072,22.29823303,9.555245399,23.1009388,9.555245399,380.7808533,73.00049591,3.976874352,79.89294434,209.6620026,18.61967278,181.5513763,18.61967278
574,24.75,-28.25003202,8,6,18.43074989,16.6056881,52.91491699,539.4995117,32.7262001,1.344300508,31.38189888,23.72993851,11.30369854,24.4365139,11.30369854,462.3582153,80.40419006,4.512532234,73.97797394,231.6978149,16.64112091,215.7402649,16.64112091
577,26.25,-28.25003202,49,38,16.49649429,16.80995369,51.01408005,565.3215332,30.4769516,-2.501380205,32.97833252,21.78443909,8.805377007,22.48767471,8.805377007,537.8984985,87.412117,6.84087944,67.76829529,243.9737396,27.06663704,231.4148407,27.06663704
579,27.25,-28.25003202,5,4,16.08277702,16.45777702,53.64897919,515.4377441,29.2930088,-1.386731625,30.67974091,21.19248581,9.182313919,21.6012001,9.174030304,604.6340332,97.91048431,7.423687458,66.64141846,263.6467896,30.31563187,262.2980957,30.31563187
582,28.75,-28.25003202,12,7,14.02999783,14.85815525,55.73828506,428.3124084,25.36099625,-1.29904604,26.66004181,18.2679882,8.322534561,18.66053009,8.264906883,744.7127075,119.8730927,9.078848839,68.49967194,339.0067749,39.05261993,335.5437317,39.73688889
583,29.25,-28.25003202,18,13,14.49773026,14.02348328,56.41659927,394.8123169,25.08258247,0.223328844,24.85925293,18.50221443,9.292926788,18.74765587,9.174731255,767.2429199,125.7696686,8.317883492,71.78356934,362.9699707,39.29459,360.1690063,40.69452286
585,30.25,-28.25003202,2,2,17.10572052,14.22817039,57.75580215,374.5873413,27.47758293,2.836331606,24.64125252,21.06028366,12.09301758,21.06181145,12.05841732,798.0736084,131.8683167,10.37102318,68.59788513,373.7295227,41.65298462,373.7295227,46.56850433
587,31.25,-28.25003202,66,51,18.37838554,12.02819252,61.28368378,270.6979675,27.03130531,7.399115562,19.6321888,20.76877594,14.9526825,21.44543266,14.79184818,866.0519409,130.4455261,17.40821648,61.67124176,373.7575073,59.88182449,365.7247314,61.80191422
588,31.75,-28.25003202,150,78,20.22734833,11.06103611,60.38274765,252.8423309,28.47516632,10.15636539,18.31879997,22.95636749,16.94754982,23.19011688,16.93869019,955.7105713,138.7756348,26.01710892,51.10148621,377.6423645,92.8441925,373.3840942,92.85927582
589,32.25,-28.25003202,3530,638,21.47722435,9.781007767,56.26020432,261.9280396,29.37124062,12.00504208,17.36619949,24.57078171,18.11353302,24.58185577,18.11353302,1069.525024,147.7024841,41.46141052,40.12216949,399.3838196,134.7542877,395.2929382,134.7542877
590,32.75,-28.25003202,189,112,20.1145916,13.13974094,54.3046627,410.9726868,31.17041111,6.734058499,24.43635273,24.35712337,14.73782349,24.75431824,14.73782349,711.9069214,107.803154,22.53177345,60.03258896,296.3635025,74.71997452,280.9002762,74.71997452
607,22.75,-27.75003343,38,29,18.75195885,16.49847412,52.34912109,560.017334,32.9695816,1.463074923,31.50650597,24.14346504,11.36211395,24.9267807,11.36211395,354.2888184,67.90382385,3.602136374,79.94300842,193.3431854,14.68566132,166.5076141,14.68566132
613,25.75,-27.75003343,12,9,17.01404572,16.65547371,51.61815643,559.4763794,30.70279694,-1.558720469,32.26151657,22.20674133,9.42723465,22.91740417,9.42723465,510.8549805,85.37212372,5.827710629,71.3321228,243.3196564,20.74150848,229.5440521,20.74150848
615,26.75,-27.75003343,7,7,17.27968216,16.31167793,54.88892746,493.2827148,30.00230598,0.281829715,29.72047615,21.96237946,10.62363911,22.52671432,10.62363911,572.2280884,92.99887848,7.303268433,68.09855652,251.9055176,26.45435524,246.1174011,26.45435524
617,27.75,-27.75003343,1,1,15.52020073,16.34563637,54.58746338,488.8728333,28.04446411,-1.900737405,29.94520187,20.25200081,8.985737801,20.64007187,8.959095001,664.0541992,110.8375473,7.353344917,69.17110443,301.0514221,30.6419487,293.5780334,30.71861839
619,28.75,-27.75003343,8,6,14.23525429,15.76530266,55.15603638,465.4353638,26.18313217,-2.404352188,28.58748245,18.68640709,7.966483116,19.16675758,7.955546856,700.4076538,112.3073196,7.939225674,69.8780899,321.2441101,33.17811203,313.1482849,33.25998688
621,29.75,-27.75003343,100,76,15.22612667,14.09023762,56.77107239,390.6065369,25.65511322,0.838172317,24.81694031,19.1536274,10.02889729,19.3407917,9.951807976,766.1193237,130.9412689,8.234122276,73.44812012,368.479248,33.37168121,366.0989685,37.65616608
624,31.25,-27.75003343,214,113,18.06928253,12.28089237,61.97022629,272.5177612,26.66059875,6.841737747,19.81886101,20.4360714,14.4449625,21.0836792,14.41957092,823.770874,129.9188843,13.80579567,65.41253662,367.8969116,49.88688278,361.7425537,50.08837891
625,31.75,-27.75003343,77,61,19.90126801,11.45551014,60.64816284,263.1617126,28.31989479,9.422986984,18.89690781,22.5449295,16.44176674,22.9575386,16.44138527,800.5467529,126.0071716,15.83642864,59.08070755,335.8318176,59.89584351,334.2975769,59.89584351
626,32.25,-27.75003343,1038,360,21.43783951,10.78213787,57.18658066,278.3617249,29.89260292,11.03699398,18.85560799,24.64070892,17.77820206,24.66378212,17.77820206,823.3661499,125.685257,22.18298721,52.11164093,333.3093262,75.16614532,328.4454041,75.16614532
627,32.75,-27.75003343,215,129,20.63702679,14.27089071,55.2257576,431.7051544,32.37287617,6.275326967,26.09754848,25.01369667,14.9477191,25.42132282,14.9477191,567.6909637,91.9472599,12.44829047,66.03476715,251.4343109,42.97745514,238.1754303,42.97745514
643,22.25,-27.25003474,72,40,19.83621407,17.75964355,53.26493454,585.048584,34.85314941,1.513659954,33.33948898,25.38668442,12.11723614,26.17886353,12.11723614,312.0157776,58.20926285,2.713593721,79.95789337,169.5592957,10.78876495,147.9054565,10.78876495
644,22.75,-27.25003474,14,13,19.81317902,17.05771637,53.27283096,561.4140625,34.0550499,2.038207054,32.01684189,25.09031296,12.37568283,25.88881493,12.37568283,352.3874512,65.64183807,2.618272305,80.68344879,191.8687592,11.85053349,167.702179,11.85053349
652,26.75,-27.25003474,1,1,17.37171555,16.20114136,55.1268692,485.1349487,29.75159836,0.362109452,29.38948822,22.29568481,10.80104351,22.43740273,10.80104351,595.9793701,101.7938919,6.035848141,70.70143127,267.729187,24.04886246,267.2391968,24.04886246
656,28.75,-27.25003474,17,14,14.83740807,15.94331264,55.5553093,469.5441284,26.5658493,-2.137216091,28.70306587,19.08958435,8.48448658,19.70737076,8.473757744,700.6464233,112.1251831,7.459250927,71.21226501,316.8499451,30.52635574,306.2093506,30.58927345
657,29.25,-27.25003474,1,1,14.44385624,15.25305748,55.93588638,440.9136963,25.58181953,-1.687309504,27.2691288,18.5892067,8.508916855,18.96577072,8.425955772,677.5932007,116.1260681,6.764458179,74.0450592,323.0569153,27.76144981,315.6567993,28.84666443
659,30.25,-27.25003474,77,47,14.72707653,13.49131489,58.02232361,361.5248108,24.30669212,1.047276497,23.25941467,18.07148552,9.868165016,18.46224403,9.781657219,802.2578735,144.0694122,8.539967537,75.08112335,399.8011169,34.52655029,380.8661499,35.2158432
660,30.75,-27.25003474,59,46,16.75846481,13.28371716,60.07320786,324.9593811,25.93599319,3.817934513,22.11805916,19.71590233,12.36111164,20.1998539,12.33803177,877.1693115,152.1885834,9.386475563,73.4801712,428.2328186,39.37798691,415.1231689,39.41262436
661,31.25,-27.25003474,62,49,19.02568817,12.55889416,61.76448059,282.177063,27.68239212,7.346195698,20.3361969,21.76120758,15.30865288,22.14151382,15.23574257,794.4966431,132.6400146,11.5059166,67.93937683,363.7161255,43.52902222,359.9048157,43.73044968
662,31.75,-27.25003474,51,46,21.10546875,12.1781826,59.72222519,292.9768066,29.9597683,9.561570168,20.39819717,24.19788361,17.21141815,24.40173149,17.21020126,684.6699219,114.5164566,11.56981754,64.41552734,306.3690186,41.77597427,305.8904114,41.77970505
663,32.25,-27.25003474,78,62,22.10512733,11.95653439,57.69549942,301.6933899,31.33250618,10.60670376,20.72580147,25.50824547,18.10035133,25.52961731,18.10035133,668.0071411,109.0245285,13.33921051,60.24026489,290.7815857,45.59400558,289.1057739,45.59400558
664,32.75,-27.25003474,236,156,22.30845642,10.96778011,57.56008148,273.2414551,31.01701736,11.97832775,19.03868866,25.47784996,18.73784447,25.49001122,18.73784447,791.958252,126.3161545,22.65465546,53.43907928,337.8210144,74.78703308,333.8376465,74.78703308
677,20.75,-26.75003594,12,10,20.43365097,18.13258934,52.9564476,603.3708496,35.97983551,1.739130974,34.24070358,26.56734276,12.48339748,27.21429062,12.48339748,215.1138458,44.0912323,1.911913514,82.94696808,120.3496857,6.009115696,105.4371338,6.009115696
679,21.75,-26.75003594,50,40,20.51784706,18.35230827,53.21512604,604.2982178,35.98150635,1.492065191,34.48944092,26.26163483,12.53167343,27.05688667,12.53167343,273.4502869,52.6640358,2.000668764,80.77487946,148.6122589,7.67346096,132.0161133,7.67346096
685,24.75,-26.75003594,8,7,18.30344963,16.60916519,53.87628174,519.6775513,31.40348816,0.568459868,30.83502769,23.10920334,11.2531929,23.77498817,11.2531929,491.9750671,93.68474579,2.073215246,79.29872131,254.0049286,13.01625824,241.0126801,13.01625824
689,26.75,-26.75003594,18,14,17.06017494,15.69700241,55.49022293,465.227356,28.84039307,0.550521553,28.28987122,21.8306179,10.76064396,21.8307991,10.76064396,606.168457,111.9949417,4.586547852,75.39702606,292.9826965,19.70822144,292.9820557,19.70822144
690,27.25,-26.75003594,153,55,16.70664024,15.56903458,55.14192963,468.3209839,28.27163506,0.038803279,28.23283195,21.35714912,10.36971474,21.50610161,10.36971474,627.2512207,112.948616,4.808608055,74.39625549,299.4793701,20.23620987,297.3937073,20.23620987
692,28.25,-26.75003594,28,19,15.87034988,15.08506107,55.27682877,451.1024475,26.85011864,-0.445600539,27.29571915,20.09866905,9.740590096,20.49882317,9.740590096,668.6893921,111.2401047,6.599673271,74.33101654,319.5312195,23.72725296,303.9364014,23.72725296
694,29.25,-26.75003594,6,5,14.87590885,15.13793087,57.31497574,417.5235901,25.41615105,-1.004106998,26.42025757,18.6912384,9.151391029,19.09166527,9.14413166,686.4599609,119.7263947,6.95739603,75.69412231,334.3990784,26.35319328,321.8924866,26.36492157
695,29.75,-26.75003594,101,83,14.57052708,14.50705051,57.19903183,400.7017212,24.77997017,-0.586673677,25.36664391,18.2238884,9.144657135,18.65402222,9.068431854,702.0542603,126.4867477,6.030498981,77.43463135,357.995697,26.45566559,330.7597046,26.89769173
696,30.25,-26.75003594,7,5,14.98979855,13.60944557,58.35910034,361.5835876,24.45021248,1.120984674,23.32922745,18.27832413,10.01940823,18.66282654,10.00641823,799.2886963,140.3160095,7.61282444,75.02618408,397.9381714,29.9455986,374.0769653,29.97421646
697,30.75,-26.75003594,18,10,16.58127213,12.81305695,59.90076828,316.3408813,25.43861389,4.039237499,21.39937782,19.58130836,12.27089119,19.87611198,12.24796104,926.8275757,157.9121857,9.344326973,73.27548981,444.5523682,37.85646439,439.4029541,37.94478226
700,32.25,-26.75003594,341,144,21.68041039,12.6079998,60.23355103,281.8902893,31.20494843,10.26925373,20.93569565,24.80117798,17.84700775,24.80496788,17.84700775,670.4007568,121.2770233,10.34805107,67.33128357,317.7364197,37.15261841,317.4039612,37.15261841
701,32.75,-26.75003594,158,114,22.03307343,11.44053936,60.101017,251.6390228,30.82904053,11.80189228,19.02714729,24.90963936,18.68014526,24.93296242,18.68014526,801.00354,136.7666016,21.73565865,57.96089172,358.2739258,71.74237823,350.9895325,71.74237823
713,20.25,-26.25003703,26,16,20.03194237,17.94950867,52.69672775,608.4141235,35.43225861,1.370236278,34.06202316,26.24059105,12.07080364,26.91024971,12.04875374,201.1094208,43.73874283,1.180601478,94.91703033,124.9963074,4.06893301,102.3047028,4.079828262
714,20.75,-26.25003703,103,48,20.39484787,18.00330925,52.97976303,602.1326904,35.59608459,1.613696337,33.98238754,26.46198273,12.44245529,27.12168694,12.44245529,225.1329803,45.95648575,1.866972566,85.63743591,128.4583588,5.901735306,111.5959778,5.901735306
725,26.25,-26.25003703,1,1,16.76804161,15.85276794,56.0137558,461.4090271,28.50855446,0.205362201,28.30319214,21.33350372,10.46826553,21.35258675,10.46826553,609.7319946,118.2148743,3.89286375,79.93907166,302.6042786,15.83629322,302.5825806,15.83629322
727,27.25,-26.25003703,36,30,16.29280663,15.38150597,55.92128754,448.1640625,27.50608444,-0.000877757,27.50696182,20.74836159,10.19924927,20.8453064,10.19924927,670.2932129,124.8821869,4.580423355,77.25029755,328.6913147,18.58684158,327.9240723,18.58684158
728,27.75,-26.25003703,1070,269,15.96475124,14.61381626,54.99595261,439.5953064,26.84236145,0.263707876,26.57865334,20.14201736,10.00104809,20.50136375,10.00104809,696.2833862,127.9978333,4.063826561,77.4258194,340.6375732,17.47634125,334.0892334,17.47634125
729,28.25,-26.25003703,1366,502,15.94355297,14.21795845,56.64419556,399.8003235,26.15825462,1.03990984,25.11834526,19.65859795,10.48061943,20.0213623,10.48061943,703.8187866,125.5508499,4.616905689,78.09637451,346.8554077,18.51149178,331.1087646,18.51149178
730,28.75,-26.25003703,31,15,15.69327736,14.71858311,59.07153702,376.273407,25.52639008,0.608136535,24.91825294,19.10514069,10.52285385,19.44836807,10.52285385,693.7057495,122.4498215,5.586310387,78.28391266,345.9245911,20.17151451,325.4060974,20.17151451
731,29.25,-26.25003703,14,11,15.13790226,14.55203438,58.97478485,371.3283997,24.88555717,0.207749963,24.67780685,18.45344543,10.02268887,18.84638596,10.01979542,689.4490967,123.8954697,5.367203236,78.67186737,351.3604431,21.57793427,323.7781982,21.58882904
732,29.75,-26.25003703,11,8,14.69345856,14.17914963,58.63142776,367.8669128,24.37391853,0.187808096,24.18610954,18.01203156,9.632031441,18.42089462,9.609055519,705.7509766,127.2642746,5.59617424,79.22834015,368.0956116,24.03146172,330.8149414,24.09969521
733,30.25,-26.25003703,4,3,14.77379704,13.3874445,58.93391037,343.3757935,24.06237602,1.341976643,22.72039795,17.87606049,10.00753975,18.25782967,10.00659943,812.4967041,141.7973328,8.158055305,75.6113205,405.8947754,29.22978783,376.4398804,29.22978783
734,30.75,-26.25003703,36,31,16.03730774,12.62188721,60.40423203,302.6794128,24.74552727,3.844545603,20.9009819,18.98609924,11.84624863,19.1399231,11.84468079,1008.085693,170.7371826,10.04395103,73.51535034,482.4546509,40.16334915,478.7324829,40.16622543
735,31.25,-26.25003703,59,44,19.06440735,12.47312355,61.83234406,274.3358154,27.55177116,7.368832111,20.18293953,22.00173569,15.37001801,22.00173569,15.33894348,1048.202515,181.9799042,11.28697395,73.96619415,512.9012451,47.69726181,512.9012451,47.91016388
751,20.75,-25.75003803,4,4,20.42662621,17.9210453,53.53225327,590.237915,35.24554443,1.766770244,33.47877502,26.28523064,12.64094734,26.98478508,12.64094734,236.0111084,47.30950928,1.16025877,87.82564545,136.5411377,4.87947464,115.2496796,4.87947464
761,25.75,-25.75003803,5,5,18.21539116,15.60894299,56.24034882,458.5993347,29.84376335,2.089466095,27.75429726,22.81958771,11.99722672,22.83904076,11.99722672,557.6401978,108.7088623,2.000960112,80.40574646,277.3180542,11.50208664,277.3072815,11.50208664
762,26.25,-25.75003803,14,13,17.51955795,15.41556168,56.24977493,449.8366699,28.87224388,1.467406988,27.40483665,22.00455284,11.38932514,22.00455284,11.38932514,600.1555176,115.5289536,2.678305626,80.46741486,300.8114624,13.47774792,300.8114624,13.47774792
763,26.75,-25.75003803,11,9,17.42262459,15.28070831,56.80104065,433.7502441,28.52959442,1.627260566,26.90233421,21.76601028,11.51353836,21.76601028,11.51353836,647.3372192,122.4600906,4.044883728,80.06960297,328.9258728,16.59950638,328.9258728,16.59950638
764,27.25,-25.75003803,252,133,17.95624542,15.19360638,56.47838211,435.8864136,28.97291946,2.07451725,26.89840126,22.30815506,12.01931953,22.36306763,12.0192728,668.3900757,123.8807297,5.528010368,78.45885468,333.6195679,19.79880905,333.2721558,19.84850502
765,27.75,-25.75003803,840,297,18.16928291,14.71753216,56.23212814,425.0031433,28.81698418,2.645680666,26.1713028,22.13575363,12.37022686,22.46883202,12.36942863,661.8631592,123.5338364,4.132230282,78.87228394,330.8190002,16.52828789,324.5161743,17.10573578
766,28.25,-25.75003803,2196,395,17.71849823,14.34787655,57.54115677,390.6144409,27.7922287,2.854582071,24.93764496,21.25451469,12.36129951,21.61724281,12.36016178,682.743042,125.8807602,3.386577845,80.37552643,344.307312,15.25472546,330.4692993,16.27350998
767,28.75,-25.75003803,257,146,17.15878105,14.54996586,59.30335236,365.8679504,26.95825195,2.422234058,24.53601837,20.41537666,12.11821938,20.78943825,12.11821938,685.0645752,123.588913,4.087723255,80.70895386,349.9773865,16.44433403,328.7936707,16.44433403
768,29.25,-25.75003803,358,198,16.93395233,14.30488396,59.73473358,351.8925476,26.51673126,2.569856405,23.94687462,20.03302765,12.07249832,20.44689751,12.07249832,678.2364502,122.5999069,4.24560976,80.64048767,349.7954407,17.12413406,323.973053,17.12413406
769,29.75,-25.75003803,8,7,15.55314922,13.89971542,59.76076126,342.1455383,24.93528366,1.676489115,23.25879478,18.62111092,10.79532242,19.01578522,10.79532242,728.204834,136.8011169,6.791835785,80.21891785,378.9682922,25.22736931,352.2288513,25.22736931
770,30.25,-25.75003803,114,81,15.28752995,13.09265614,59.20277405,328.1264954,24.48838997,2.375079155,22.11331177,18.27344513,10.72392941,18.67384529,10.72392941,831.5682983,151.5560455,10.08863354,77.06136322,419.1110535,33.80423355,400.2310181,33.80423355
771,30.75,-25.75003803,240,154,17.6591053,12.69111729,59.08566666,314.6092224,26.65089989,5.171873093,21.47902679,20.7912941,13.3422451,20.98935509,13.3422451,901.1544189,158.9008484,9.376362801,75.94953156,438.8676147,34.22932816,435.9408875,34.22932816
772,31.25,-25.75003803,422,222,19.5991478,12.58315468,59.23540497,308.0874634,28.51580811,7.256772518,21.25903511,22.87489891,15.400177,22.87489891,15.400177,867.2172241,153.6677399,9.500833511,75.73048401,428.2685852,35.66249084,428.2685852,35.66249084
773,31.75,-25.75003803,90,79,21.97800636,13.21901226,60.06462479,310.7645569,31.46573067,9.421896935,22.04383469,25.35302734,17.79373169,25.35302734,17.79373169,684.1807251,122.3959579,7.053708076,76.44555664,348.4130554,27.73839378,348.4130554,27.73839378
788,20.75,-25.25003893,22,15,20.50010681,17.79396439,54.34692383,567.0490112,34.82810211,2.084247828,32.74385452,26.00320244,13.00518703,26.7356205,13.00518703,250.4171753,49.28293228,1,87.12239075,143.4052124,4.736649513,121.3060608,4.736649513
799,26.25,-25.25003893,21,21,19.57836533,15.80846691,55.52297974,473.9437256,31.37057686,2.9006598,28.4699173,24.3635788,13.16257286,24.3635788,13.16216087,554.5717163,105.8817368,1.820033312,81.707901,283.3728638,10.87800884,283.3728638,11.12056541
800,26.75,-25.25003893,21,16,19.51408195,15.7288475,56.11005783,458.8077393,30.96615982,2.931507349,28.03465271,24.07030296,13.30056953,24.07030296,13.28399277,625.4290771,115.9159012,3.528459311,80.87997437,323.1186829,15.74319935,323.1186829,19.33271217
801,27.25,-25.25003893,184,101,19.53209686,15.63844585,55.5141716,465.9650574,30.81418037,2.642217636,28.17196274,24.08333397,13.20701981,24.08867455,13.16170979,637.3807983,115.5558777,5.430796623,79.07989502,323.8175354,20.02083969,323.8046875,28.11522293
802,27.75,-25.25003893,199,116,19.57349014,15.36600304,55.51601028,458.5776062,30.55646706,2.873394728,27.68307304,23.85457039,13.32367706,24.04998016,13.28760433,603.4501343,109.2171402,5.622586727,80.15181732,307.2522888,18.58899307,305.2775879,26.41757202
803,28.25,-25.25003893,192,85,19.26999283,15.53977966,57.49931335,426.8459778,30.01162338,2.982540846,27.02908325,23.14081764,13.42715454,23.44596291,13.41560555,593.1229248,108.7031631,4.450137138,82.12033844,306.5600281,15.51185989,297.4324951,18.78101921
804,28.75,-25.25003893,84,60,19.0710659,15.2309761,58.93878937,393.4458008,29.4585228,3.610271692,25.84825134,22.6066246,13.66869545,22.96718979,13.66869545,607.3966675,112.9624939,3.954134703,82.45178223,318.0335999,13.78400135,298.1603088,13.78400135
807,30.25,-25.25003893,276,150,15.52042294,12.87044048,58.8747139,329.613678,24.67405319,2.807302952,21.86675072,18.58849335,10.94394588,18.94088554,10.94394588,831.852478,154.8630371,10.25161934,78.38963318,420.6592102,32.88547897,413.7911987,32.88547897
808,30.75,-25.25003893,578,289,17.51560211,12.36114979,58.3198967,319.4920959,26.44950676,5.253781796,21.19572449,20.82975578,13.12992477,20.91339684,13.12992477,869.1981812,152.4227142,10.55032253,76.19509125,429.1735229,34.55724335,428.1168518,34.55724335
809,31.25,-25.25003893,1323,545,20.75279236,13.38299084,58.63292694,337.0741577,30.18856239,7.362887383,22.82567596,24.34491539,16.14152145,24.34491539,16.14152145,732.3815918,125.9853592,10.30643654,74.15427399,357.5081482,34.48265076,357.5081482,34.48265076
810,31.75,-25.25003893,882,333,21.91742325,13.76863861,59.16958237,340.7362976,31.61860466,8.328213692,23.29039001,25.54866982,17.26248932,25.54866982,17.26248932,627.1906738,112.5650635,7.412958145,75.95308685,318.3174133,27.58913803,318.3174133,27.58913803
82,19.25,-34.75000318,386,81,20.92819595,15.8641777,57.45581818,439.155777,32.80529499,5.049268007,27.75602531,25.34518051,15.04311895,25.69841099,15.04311895,427.1144867,80.86276436,4.206479073,85.55233765,230.2163239,15.81432009,217.5224037,15.81432009
823,19.75,-24.75003973,1,1,19.93896866,17.9597168,55.74205399,537.5752563,33.99198532,1.770322323,32.22166061,25.14169121,12.82374859,25.84815216,12.82374859,227.0382996,49.16046524,1,95.15158844,142.1152344,4.039502144,116.7273941,4.039502144
824,20.25,-24.75003973,9,8,20.20812798,17.83720016,55.39527893,543.8855591,34.16341019,1.960979819,32.20242691,25.43314362,13.0035038,26.15433884,13.0035038,243.462738,50.39790726,1,90.51306915,145.2346497,4.34855938,122.1135788,4.34855938
83,19.75,-34.75000318,201,76,16.57850266,8.977006912,53.3718605,277.200531,25.44216156,8.621497154,16.82066536,13.25473785,19.60066986,19.97044373,13.25473785,515.3985596,66.81394958,22.35887909,39.45172119,194.377243,73.76551056,74.32769775,194.377243
838,27.25,-24.75003973,115,88,20.11534882,15.62773037,53.42502594,496.7297363,31.47731018,2.224333048,29.25297737,24.78554153,13.39883423,24.78554153,13.21368122,608.9614258,110.6650314,4.189887524,81.44697571,315.2781372,17.35433388,315.2781372,29.78873253
839,27.75,-24.75003973,72,51,18.99437141,15.08534813,54.53812408,464.6929321,29.84238815,2.169394255,27.67299461,23.35269165,12.68196011,23.42641258,12.5757103,622.2784424,117.2024078,5.130064964,83.00836182,323.0479431,17.79067039,322.6123352,28.50100517
84,20.25,-34.75000318,93,39,18.6635437,15.15682602,55.9585743,443.6040955,29.38710785,2.280383706,27.10672474,22.80723476,12.62072802,22.94245052,12.56272602,623.3969727,118.3036118,4.564261198,83.8922081,327.0474396,16.05214357,321.1757813,22.99487972
840,28.25,-24.75003973,339,163,18.33271599,15.22830391,57.37902451,422.5152588,28.93182755,2.391373158,26.54045486,22.26177788,12.55949593,22.45848846,12.54974174,624.5155029,119.4048157,3.998457432,84.77605438,331.046936,14.31361675,319.7392273,17.48875427
841,28.75,-24.75003973,184,120,19.22624207,16.03970718,58.97324371,416.2076111,30.19086075,2.998228788,27.19263268,23.01548576,13.50998688,23.30430794,13.50998688,570.5807495,118.2829742,3.332469225,86.00392151,310.3377686,12.6171999,289.1167297,12.6171999
842,29.25,-24.75003973,21,18,19.90147591,15.75957775,57.96284485,426.4211426,30.94996834,3.758507013,27.19146156,23.81464958,14.0592041,24.15389633,14.0592041,551.3952637,108.1031876,4.137423515,83.05953979,287.5220337,13.79937935,278.3544312,13.79937935
844,30.25,-24.75003973,15,12,18.41073227,13.39390945,58.16892624,357.7013245,28.10351753,5.074336052,23.02918053,22.07826424,13.48284721,22.1359272,13.48284721,744.8288574,132.7882385,7.918793678,80.56969452,384.0726013,25.40508461,383.5095825,25.40508461
845,30.75,-24.75003973,689,287,17.77597809,12.35612297,59.53796768,312.4756165,26.50302505,5.747810841,20.75521469,21.04228973,13.46488953,21.04545403,13.46488953,910.7363892,163.782547,10.62075996,79.19782257,469.5965271,36.69521713,469.5427246,36.69521713
846,31.25,-24.75003973,223,128,21.0755291,13.39019585,60.39502716,315.0775146,30.18123245,8.002106667,22.17912674,24.38395882,16.72936821,24.38395882,16.72936821,734.763916,131.8819122,9.371800423,77.99590302,376.3277283,31.08333206,376.3277283,31.08333206
847,31.75,-24.75003973,358,154,21.72932816,13.89868164,60.55420685,324.635498,31.22977638,8.268170357,22.96160698,25.15202332,17.2576046,25.15202332,17.2576046,616.7037964,110.0418701,8.488043785,76.54597473,317.6809082,29.45292854,317.6809082,29.45292854
875,27.25,-24.25004044,21,17,20.49209976,15.98793697,53.81045532,499.907135,31.95445824,2.243104219,29.7113533,25.17732811,13.70943737,25.17732811,13.59718895,539.0576782,99.81401825,2.909089327,84.17362976,286.4428101,12.22682285,286.4428101,21.8624115
876,27.75,-24.25004044,198,122,18.83607864,15.06401348,54.9366684,460.5475464,29.57944679,2.152139425,27.42730713,23.25131989,12.55246925,23.25198174,12.52142334,587.1185913,111.497551,3.952095747,84.75462341,310.6091003,14.22184944,310.6048889,19.01762962
877,28.25,-24.25004044,160,120,18.00938988,14.84752083,57.02688217,420.3798218,28.40501595,2.364180565,26.04083633,22.06965446,12.27034664,22.15477753,12.26947403,620.6763306,118.0812225,4.585849762,84.79008484,326.6960449,15.06003284,323.4328003,15.7210865
878,28.75,-24.25004044,116,94,18.61522675,14.43182278,57.91714859,391.9537659,28.70932198,3.798917532,24.91040421,22.25489807,13.24010849,22.50299263,13.24010849,587.1209717,114.411972,4.117432594,85.2162323,314.806427,14.00179958,303.0011597,14.00179958
879,29.25,-24.25004044,24,20,18.54745865,14.18867779,58.14241791,379.564209,28.55356789,4.154247284,24.3993206,22.07040215,13.32342052,22.36917496,13.32342052,601.3031006,113.1370468,4.954224586,83.37480164,315.342926,16.29136276,307.1612549,16.29136276
881,30.25,-24.25004044,158,101,19.44976425,13.21866798,58.78132629,350.4736328,28.79684067,6.307386398,22.48945427,23.047369,14.60900879,23.047369,14.60900879,768.4812012,144.0739594,9.799941063,80.6029129,403.2107544,31.56293869,403.2107544,31.56293869
882,30.75,-24.25004044,1064,393,21.50972748,13.39155388,60.09667587,322.8207092,30.67971992,8.393315315,22.28640556,24.85956383,17.04676819,24.85956383,17.04676819,661.5626831,123.8569641,6.241460323,82.78515625,354.8097534,21.74321365,354.8097534,21.74321365
883,31.25,-24.25004044,301,175,22.14744377,13.45672512,61.17868423,301.678772,31.23537827,9.23575592,21.99962234,25.33190918,18.0017662,25.33190918,18.0017662,612.4375,114.9348755,6.222969532,80.91296387,323.3807373,21.68302536,323.3807373,21.68302536
884,31.75,-24.25004044,422,188,22.34243202,13.89135838,61.72541046,306.6431885,31.793993,9.291444778,22.50254822,25.57750702,18.15386391,25.57750702,18.15386391,555.7004395,100.3049774,6.3753438,78.59292603,290.6134033,25.72836876,290.6134033,25.72836876
912,27.25,-23.75004106,4,4,20.92508125,16.31007767,55.46327972,488.0289001,32.44911957,3.041707277,29.40741158,25.57419586,14.26972103,25.57575798,14.26684093,459.7159119,87.60600281,2.041636944,85.40400696,247.8013153,8.702318192,245.6685333,9.688588142
913,27.75,-23.75004106,82,58,20.50753403,15.52721119,56.05640411,454.0717468,31.38586044,3.686720848,27.69914055,24.83657265,14.30029297,24.83880043,14.30001926,487.1039734,91.80290222,2.465059519,86.51890564,262.7793274,10.07863522,260.6940002,10.18230343
914,28.25,-23.75004106,150,103,19.68194389,14.64341354,56.59928513,420.0604858,29.97210693,4.103627205,25.86848068,23.77302551,13.92501354,23.79602051,13.92501354,530.6622314,101.3072662,3.254146338,86.80512238,283.3599854,12.22969818,283.1307678,12.22969818
915,28.75,-23.75004106,51,49,19.67193985,14.18537235,56.89287567,400.1448059,29.72644615,4.792989731,24.93345642,23.48236656,14.18254852,23.65939522,14.18254852,525.3752441,98.88835144,3.338035107,85.79174042,278.9585571,12.3804493,275.9379578,12.3804493
916,29.25,-23.75004106,20,14,18.40080643,13.69083786,57.38040543,372.5632935,28.16557693,4.302212715,23.86336327,22.01021576,13.2646904,22.21730614,13.2646904,604.1147461,110.8534393,5.440639019,82.52095032,312.8796997,17.73749542,309.4378357,17.73749542
917,29.75,-23.75004106,146,88,17.24519157,13.11475468,59.62062454,326.4695435,26.33481598,4.327170372,22.00764656,20.59384727,12.70432377,20.61108017,12.70432377,832.4466553,153.0774536,12.09888077,79.07025146,429.080719,38.10546112,428.8552856,38.10546112
918,30.25,-23.75004106,110,78,20.17724991,13.23262882,59.55960464,332.8383789,29.2598877,7.039634228,22.22025299,23.60898209,15.57310104,23.61045647,15.57310104,771.6060791,153.3561859,11.04753399,80.25025177,406.7065125,35.69186401,406.6864929,35.69186401
919,30.75,-23.75004106,30,23,21.95484924,13.73967361,59.07498932,345.461792,31.58667755,8.326314926,23.26036263,25.59690285,17.19033623,25.61957169,17.19033623,547.7677002,108.1585617,4.296718121,83.70886993,295.6340027,17.74480438,295.2592773,17.74480438
920,31.25,-23.75004106,255,113,22.37116814,13.61035824,59.03826141,340.3446045,32.05001068,8.992606163,23.05740547,26.02602196,17.72143745,26.02756119,17.72143745,509.7303772,94.80088043,4.163355827,80.65093231,266.5588379,17.1506691,266.5513916,17.1506691
921,31.75,-23.75004106,191,96,22.74761391,13.48698902,59.77827835,328.471405,32.26537323,9.702384949,22.56298828,26.22710037,18.26201248,26.22710037,18.26201248,493.3329163,89.06819153,4.537409782,79.75807953,259.0456543,19.96281433,259.0456543,19.96281433
953,29.25,-23.25004159,16,15,19.44583893,13.6512289,57.31938934,372.4671631,29.12313271,5.306990623,23.81614113,23.17313957,14.28902817,23.17909622,14.28902817,541.3626099,104.2840881,3.884411335,84.62025452,287.7350159,15.29189587,287.7249146,15.29189587
954,29.75,-23.25004159,57,51,18.82854843,13.01614952,59.35882187,323.1522522,27.79302216,5.863584995,21.92943764,22.10493279,14.32118034,22.10493279,14.32118034,736.8864746,139.6575623,9.811042786,80.5488739,387.4261475,30.95233727,387.4261475,30.95233727
955,30.25,-23.25004159,31,27,20.58313179,12.80773354,60.09706497,304.9271545,29.38060188,8.074664116,21.30593872,23.7511425,16.36631775,23.78876686,16.36631775,814.6705933,165.5224609,10.74928761,82.59067535,434.3565674,34.65065002,433.8445435,34.65065002
956,30.75,-23.25004159,4,4,21.98078537,13.37259293,59.12123108,328.7084961,31.61895752,8.994656563,22.62430191,25.31760025,17.52923775,25.5725975,17.52923775,622.2897339,136.1575623,4.544638634,87.05840302,340.3887634,19.16847801,334.811615,19.16847801
957,31.25,-23.25004159,244,105,22.40398026,13.89119244,58.26493454,358.5395508,32.5699501,8.725515366,23.84443474,26.24890137,17.53506279,26.27137566,17.53506279,504.7178345,100.2444458,3.8780334,82.91200256,268.2465515,15.6752367,268.1133728,15.6752367
958,31.75,-23.25004159,8,6,22.81882286,13.57547188,58.9665947,345.9822083,32.51031876,9.483279228,23.02703857,26.44570351,18.07525826,26.44570351,18.07525826,450.9775391,83.45894623,2.942741632,82.6002121,239.7376251,14.60115433,239.7376251,14.60115433
988,28.25,-22.75004203,11,10,21.65623283,14.47943592,56.23378372,415.6270447,31.87853622,6.130362988,25.74817276,25.67453384,15.95060825,25.67584229,15.95060825,368.6906128,73.80809784,0.382849038,90.99530792,207.6283112,5.937065125,207.624176,5.937065125
989,28.75,-22.75004203,32,27,21.16666222,14.24183655,56.22842789,406.3299866,31.39973259,6.071321011,25.32841301,25.15712357,15.58920193,25.15712357,15.58920193,384.098999,79.15946198,0.488106191,90.6717453,215.7027893,6.107297897,215.7027893,6.107297897
990,29.25,-22.75004203,86,78,20.6286068,14.03926373,57.54666138,377.1790771,30.5878582,6.190740108,24.39711952,24.36833,15.42111111,24.36833,15.42111111,419.6764221,85.54369354,1.12584126,88.65688324,234.4388885,8.209344864,234.4388885,8.209344864
991,29.75,-22.75004203,365,250,20.69293022,13.36194515,58.39102936,343.1981506,30.08683586,7.202146053,22.88468933,24.16661263,15.9226532,24.16661263,15.9226532,551.6685791,113.6252747,4.261417866,87.76312256,306.8625793,15.79818249,306.8625793,15.79818249
992,30.25,-22.75004203,79,44,20.72811508,12.49014187,59.18667984,308.0774231,29.59845924,8.48463726,21.11382103,23.92290688,16.45405579,23.9238224,16.45405579,834.8039551,171.046524,9.438448906,87.65665436,463.7281189,30.89949989,463.7218933,30.89949989
993,30.75,-22.75004203,140,82,22.11165619,13.0531044,60.05499649,305.550354,31.51356888,9.778214455,21.73535538,25.31801033,17.93253708,25.32605934,17.93253708,690.9086914,144.4645233,5.738435268,87.93273926,388.8557434,20.21486282,388.7733154,20.21486282
994,31.25,-22.75004203,542,273,23.1080246,13.96083546,59.95483398,336.9280396,33.17043304,9.880583763,23.28984833,26.59162331,18.49619865,26.59194946,18.49619865,515.1550293,104.9023361,3.536627293,87.0991745,290.6574402,13.51635551,290.6567688,13.51635551
